id_funcionario,nome,email,endereco
0,Ronnie Santos,thompsonerica@example.org,"9661 Matthews Garden
East Angelaview, NE 35505"
1,Scott Poole,sandra62@example.org,"82846 Megan Gardens
Johnton, MT 79809"
2,Michael Ray,wpayne@example.com,"94920 Eric Loaf
Ortizfort, OH 52575"
3,Margaret Hall,mitchellrobert@example.org,"USNV Leblanc
FPO AP 12979"
4,Brian Harris,olittle@example.org,"99739 Dean Mills
West Erik, PW 38866"
5,Alyssa Ortiz,brad41@example.net,"495 Carter Keys Suite 406
Lake Erichaven, AR 14914"
6,Shelly Bartlett,christopher42@example.com,"51009 Werner Heights
Kristinaside, MT 48652"
7,Jeffrey Sullivan,ricetina@example.net,"015 Ellis Oval Suite 521
Ethanfurt, VT 97842"
8,Craig Welch,andrewestrada@example.org,"71432 Scott Courts
New Justin, MN 36442"
9,Michael Meza MD,david35@example.net,"83872 Robert Extension Suite 489
North Holly, SC 04928"
10,Jordan Madden,freemannatasha@example.org,"294 Robin Rue
West Cassieview, OK 48734"
11,Joseph Campbell,nhuynh@example.org,"42794 Chelsea Pines
Burkeland, TN 60119"
12,Adam Jones,castromichael@example.org,"8187 Evans Flats
Port Javiershire, ID 81739"
13,Vanessa Espinoza,roberto07@example.com,"28781 Ford Park
Roberthaven, MT 97008"
14,Damon Hood,marcusburns@example.org,"9288 Kemp Hills Apt. 525
East Matthew, ID 32091"
15,Kathy Herrera,xshaw@example.com,"6501 Lewis Field Apt. 537
Perezfort, MH 85792"
16,Ashley Webb,pelliott@example.com,"79852 Davidson Throughway Apt. 862
New Natalie, MA 68848"
17,Mitchell Perry,franklinlaurie@example.org,"8432 Sullivan Bridge
North Alex, TX 94985"
18,Yesenia King,alicia59@example.com,"9672 Laura Glens Apt. 096
Michaelhaven, AR 66673"
19,Emily Brown,wilsonchristine@example.org,"050 Xavier Greens Suite 904
Port Codychester, UT 80615"
20,Jose Carrillo,ismith@example.net,"5744 King Expressway Apt. 787
New Ginafurt, MN 74238"
21,Tracy Howard,jenniferturner@example.org,"67229 Melissa Cape Suite 030
Williamschester, AL 19972"
22,Dr. Bryan Hicks MD,janetarnold@example.net,"USCGC Young
FPO AP 17280"
23,Joseph Hobbs,peterstewart@example.net,"USS Stephens
FPO AP 39744"
24,Stephen Jackson PhD,stephen83@example.org,"34978 Angela Roads
North Jay, DC 81646"
25,Steven Jones,jeffery80@example.org,"Unit 5563 Box 3016
DPO AP 76839"
26,Edward Ross,nicolewilson@example.com,"6994 Lindsay Mills Suite 831
New Staceyfort, MH 26971"
27,Cody Lane,bwang@example.net,"46979 Bowen Harbor Apt. 296
Royland, GU 35853"
28,Cristina Pham,kellerthomas@example.org,"256 James Mall
East Andrewberg, NY 85144"
29,John Klein,cameronmurphy@example.net,"8344 Shane Stream
Whiteborough, ME 34217"
30,Joseph Hancock,jeremy62@example.org,"04695 Julie Garden
East Michael, KY 18501"
31,Robert Turner,timothywilliams@example.net,"58027 Lopez Knoll Suite 579
East Markbury, ID 73496"
32,Gilbert Becker,gregorynorton@example.net,"973 Steven Streets
Garciahaven, WV 43834"
33,Angie Cardenas,jimwillis@example.net,"693 Lisa Forest Apt. 130
North Kimberly, ME 14308"
34,Lisa Leach,turnerchristopher@example.net,"6390 Joshua Dale Suite 947
Beltranbury, MN 26893"
35,Dillon Bird,xmueller@example.org,"27956 Joseph Path
Trevinostad, TN 24000"
36,Jimmy Reeves,daniel70@example.net,"7222 David Streets Suite 661
North Sarah, NC 78127"
37,Deborah Rodgers,garnersheena@example.org,"95651 Duarte Fort
Sethborough, RI 26283"
38,Christopher Castro,stephanie66@example.org,"4492 Angela Mills Apt. 997
South Gabrielaton, IL 67146"
39,Rodney Bowers,donaldsongregory@example.net,"PSC 8602, Box 0993
APO AA 68963"
40,Derek Bowers,markhaney@example.net,"6318 Roberson Plaza Apt. 108
New Andrewchester, DC 73401"
41,Stacie Reed,raycheryl@example.com,"544 Maurice Junctions
East Jameschester, OK 33840"
42,Ricky Hall,luceroandrew@example.net,"642 Lisa Port
Shanehaven, ID 92085"
43,Donald Burnett,timothybryan@example.net,"5572 Galloway Pike Suite 175
Port Christine, AZ 22845"
44,Eric Jones,colleenjackson@example.com,"PSC 8692, Box 1961
APO AE 12911"
45,Justin Keller,laura19@example.net,"7077 Angel Streets Suite 978
New Jesusside, MI 29398"
46,Ryan Hill,stephaniemcgrath@example.com,"890 Lisa Unions Apt. 924
North Stacey, KS 37459"
47,Hannah Lee,jennifer68@example.com,"349 Peterson Field Apt. 854
East Jorge, MA 77444"
48,Lisa Norton,anthony02@example.org,"693 Scott Walk Suite 105
Robertstad, SD 04859"
49,Mark Dennis,zwright@example.org,"817 Hernandez Branch Suite 707
Davisfurt, MH 93496"
50,Julie Oliver,janice80@example.org,"53967 Kennedy Court
West Ericaville, NM 10988"
51,Mrs. Jessica Ramirez,hailey29@example.org,"4782 Michael Circles Apt. 797
East Cody, WI 20884"
52,Robert Fisher,rlewis@example.org,"6360 Darrell Knoll Suite 019
Stewartton, CO 34830"
53,Michael Reyes,sherrybowen@example.net,"1685 Jennifer Cape Apt. 101
Lake Gary, KY 82471"
54,Kathleen Morales,markblankenship@example.com,"2093 Linda Brooks Apt. 016
North Kevin, WV 40182"
55,Jordan Collins,valdezelizabeth@example.org,"909 Sydney Roads
South Bethanyside, AL 92298"
56,James Lopez,linda81@example.org,"PSC 4556, Box 7621
APO AP 43697"
57,Travis Taylor,michael46@example.net,"0944 Cameron Courts
North Andrea, CT 25776"
58,Brian Berger,hroberts@example.com,"3760 Bryan Isle Suite 052
Barkerfurt, ID 30752"
59,Curtis Castro,sabrina99@example.com,"0010 Sharon Village Suite 749
Lake Russell, CO 01045"
60,Stephen Nguyen,dawn35@example.net,"58068 Simpson Mission Suite 100
South Alicia, GA 49738"
61,Erica Gonzalez,debrareyes@example.com,"3735 Smith Cape Apt. 965
East Aaronville, PW 91340"
62,Rebekah Mckenzie,mortonkimberly@example.com,"6708 Meghan Terrace
Lake Andrew, MH 71119"
63,Darren Bowers,caleb49@example.net,"6808 Kaitlyn Wells
Port Diane, TN 61747"
64,Natalie Martin,tiffanystanley@example.net,"108 Case Flats
Port Justinport, AZ 74281"
65,Olivia Curtis,stephaniefields@example.com,"143 Espinoza Loaf
Port Davidborough, KS 47229"
66,Monica Drake,monicahobbs@example.org,"31020 Jose Rue
West Jonathanchester, WA 60481"
67,Rita Mejia,justin37@example.com,"569 Donald Fields Suite 460
Staceychester, PW 36689"
68,David Trujillo,lori47@example.net,"602 Matthews Track
West Alexandra, WY 12310"
69,Rebecca Roth,englishbrian@example.net,"7364 Ashley Plaza Suite 153
New Debraberg, NY 68653"
70,Catherine Gardner,qgonzalez@example.net,"17171 Smith Camp
Esparzaview, DC 82741"
71,Anna Moore,matthew16@example.net,"729 Alan Coves
Port Michael, NE 86849"
72,Richard Simmons,jonesjustin@example.org,"40031 Robert Forest
Guzmanton, NV 40009"
73,Cheryl Ortiz DVM,harmonshawn@example.net,"5249 Gregory Port Apt. 342
Madisonland, TX 83721"
74,Sonya Hahn,gallegosjasmin@example.net,"7492 Jones Track
Calvinhaven, CA 12320"
75,Charles Sandoval,ahammond@example.com,"29938 Jennifer Coves Apt. 327
West Aaron, GA 39538"
76,John Reese,sullivanhaley@example.com,"4181 Brenda Fall Apt. 579
Lake Mistychester, CT 42985"
77,Anthony Pierce,sean95@example.org,"USNV Lee
FPO AE 65546"
78,Carolyn Martin,danielscynthia@example.net,"Unit 0159 Box 4871
DPO AE 41521"
79,Colin Owens,williamsbrian@example.org,"487 Valerie Landing
Kimberlyport, NV 75142"
80,Stacy Davis,allen61@example.com,"90034 Daniel Fork
South Patrickton, NV 23428"
81,Vicki Kelly,tiffanytran@example.net,"8600 Riley Dale
Anthonybury, IA 09731"
82,Brian Greene,jacobsmith@example.org,"203 Derek Ways Suite 930
New Garrett, GA 64357"
83,Monica Holden,lambvicki@example.org,"2459 Smith Key
South Kathleenstad, KY 26678"
84,Lori Warren,robin87@example.com,"USNV Roberts
FPO AA 94368"
85,Joshua Orozco,chanson@example.org,"23763 Gregory Road
Ronaldfort, DE 98814"
86,Carolyn Costa,kathy72@example.com,"6185 Scott Spur
Pierceport, WV 04681"
87,Savannah Wright,deborah36@example.com,"6656 Taylor Station Apt. 827
Williamsfurt, NE 11226"
88,Claire Villanueva,rthomas@example.com,"8842 Nicole Fork Suite 939
West Matthewborough, NY 98305"
89,Susan Frazier,sdavis@example.com,"25689 Willie Shoal Apt. 634
Katiemouth, MI 76895"
90,Kimberly Potts,tylermichelle@example.net,"185 Lisa Shores Apt. 966
Lopezton, GU 06763"
91,Kevin Buckley,theresawebb@example.net,"Unit 4325 Box 0482
DPO AE 52972"
92,Roy Lee,kelly55@example.com,"23478 Dana Springs Apt. 845
Davidfort, AR 04208"
93,Eric Black,taylor52@example.net,"962 Michelle Estate Suite 797
Anitaburgh, WV 74011"
94,Karen Hahn,jasonboone@example.net,"8719 Sara Rue Apt. 551
Fisherhaven, MD 42723"
95,Kristin Hines,brianmartin@example.org,"4466 Williams Lake
Shannonstad, RI 05150"
96,Kristen Khan,pamela72@example.org,"3288 Donna Locks Apt. 812
Hornborough, TX 12985"
97,Jennifer Moore,longdavid@example.org,"799 Jeremy Haven Apt. 985
South Leslieberg, HI 40314"
98,Samuel Alvarez,stephanie64@example.com,"44582 Timothy Grove Apt. 311
Moralesmouth, SC 47175"
99,Annette Shea,sampsonvicki@example.net,"9601 Stephen Squares Apt. 116
South Christine, MH 11393"
100,Alexander Clark,marshallvanessa@example.org,"15795 Morgan Locks
Robertberg, WI 94037"
101,Debra Brown,amartinez@example.org,"4588 Manning Forks Suite 592
North Jessica, GU 36854"
102,Jasmin Rubio,bradfordnicole@example.com,"007 Wood Points
Bennetttown, OR 98575"
103,April Mann,daniel09@example.com,"12115 Thomas Falls
Stephensport, MI 91129"
104,Lindsay Herrera,joel11@example.org,"466 Donald Forge
South Laura, PA 89245"
105,Cindy Brown,simssean@example.org,"853 Wilson Brooks Apt. 496
Lake Derek, VI 67656"
106,Joe Walsh,davisdanielle@example.com,"683 Jensen Plaza Apt. 968
Gomezchester, AK 35658"
107,Mr. James Lewis,hallmelissa@example.org,"PSC 1325, Box 2715
APO AA 13782"
108,Joshua Crawford,william60@example.org,"52847 Jessica Pine
South Jenniferside, KS 62735"
109,Natalie Walsh,jose25@example.net,"6950 Tran Cape Suite 617
West Jeffery, UT 82093"
110,Shane Roberts,hendersonjason@example.net,"41485 Jonathan Manors Apt. 154
Youngland, UT 28560"
111,Rhonda Russo,vlong@example.com,"42153 Brian Ridges
Stonebury, VA 05640"
112,Joel Valdez,gaybenjamin@example.com,"5092 Hanson Wells Apt. 015
North Raymond, MH 82513"
113,Anthony Garrett,nwilson@example.com,"99728 Buchanan Meadow
Kingtown, SC 55579"
114,Lindsay Pham,jamesrenee@example.com,"9031 John Tunnel
Wyattmouth, MO 22443"
115,Janet Copeland,samuel56@example.com,"439 Hernandez Ridges
Lake Kimberly, OH 98154"
116,Zachary Jones,erin47@example.org,"9622 Pratt Inlet Suite 331
Victorport, MA 63516"
117,Anna Jones,vcruz@example.net,"58439 Steven Point
Nicholasview, KS 90620"
118,Karen Avila,umurray@example.com,"060 Melissa Plaza
New Rebecca, RI 26145"
119,Christopher Johnson,thompsonmichael@example.org,"6657 Sheri Way Suite 075
Paulburgh, MS 39724"
120,Joseph Gutierrez,simpsondavid@example.org,"3815 White Green
South Thomas, WI 01183"
121,Donald Parker,austin18@example.net,"35579 Debbie Alley
Stonefort, AS 49113"
122,Jody Park,bakersarah@example.org,"4735 Alyssa Spur Suite 573
New Charles, MI 97964"
123,Regina Harmon,anthonydavis@example.org,"195 John Track Suite 822
Evanschester, OK 95396"
124,Chase Matthews,destinywebb@example.net,"5127 Victoria Common
Bobbymouth, WA 88949"
125,Cody Lamb,lesliebrandt@example.com,"18623 Michelle Skyway
Alexanderburgh, NV 19009"
126,James Olsen,marcus02@example.net,"8346 Kaitlyn Isle Apt. 606
Winterstown, NC 61748"
127,Martin Carr,moorenicole@example.com,"8170 Robinson Station Apt. 065
Bowmanshire, WI 08169"
128,Richard May,xmeyer@example.net,"49414 Hale Pike
East Collinchester, FL 65435"
129,Megan Ward,mayjessica@example.com,"3000 Matthew Union
North Meganfurt, CT 41459"
130,Daniel Reilly,wolfesandra@example.net,"395 Flores Green Suite 960
Port William, DC 49530"
131,Roger Foley,davismadison@example.org,"82956 Peter Skyway
West Thomas, MT 77442"
132,Jamie Rodriguez,sara96@example.org,"6724 Thomas Street
Bellland, CT 46242"
133,Mr. Vincent Taylor III,kerriduffy@example.com,"987 Mindy Inlet
South Monicaberg, MP 77186"
134,Wendy Stephens,lauren77@example.com,"841 Wong Walk
Duffytown, SC 31200"
135,Bonnie Gardner,rmoreno@example.net,"2409 Hutchinson Ranch Suite 471
New Anthonystad, AR 17772"
136,Teresa Henry,vvaldez@example.net,"873 Jackson Camp Suite 559
North Amy, NM 91059"
137,Steven Nguyen,qchristensen@example.org,"29430 Angela Cove
North Michael, TN 00608"
138,Abigail Martinez,nicholas04@example.org,"9054 Andersen Pines
Millerside, WY 94121"
139,Richard Espinoza,joshuakidd@example.net,"830 Jeffrey Rapid
New Mathewberg, CO 24376"
140,Shane Watson,sandra19@example.net,"90775 Lopez Road
Smithchester, AK 43028"
141,Daniel Garcia III,johnnymarshall@example.org,"1219 Savage Pines Apt. 888
Richardtown, FL 33430"
142,Jeff Bailey,lwilliams@example.org,"4458 Tran Hill
New Davidmouth, FL 61329"
143,Jennifer Henry,morrisonann@example.net,"0526 Mckinney Street Apt. 582
Lake Tylerstad, VA 22659"
144,Luis Pruitt,danielsimpson@example.net,"90819 Jane Street
Joannshire, NE 11975"
145,Erin Mason,ssutton@example.com,"96403 Jack Plaza
Baileyton, NV 61299"
146,David Graves,derekschultz@example.net,"7950 Aaron Street
Lake Alex, TN 60748"
147,Dale Smith,fkelley@example.com,"229 Garner Mount Suite 142
New Carrie, RI 20170"
148,Mary Munoz,asmith@example.org,"3432 Susan Coves
Jacksonville, PR 74927"
149,Sabrina Roberts,ulee@example.org,"2146 Mason Drive
Lake Paulbury, PW 78693"
150,Edward Jacobs,websterdeborah@example.net,"424 Nancy Canyon Apt. 322
West Teresafurt, MI 69322"
151,Sharon Rhodes,mbell@example.com,"Unit 7471 Box 0111
DPO AP 63001"
152,Kimberly Wright,jonathanvega@example.net,"USS Crawford
FPO AA 46354"
153,Jeffrey Pennington,deniserussell@example.com,"60715 Hodge Track Apt. 443
North Susan, FM 11358"
154,Mary Pruitt,jamie11@example.com,"694 Terri Crossroad Apt. 137
Foxside, FL 39667"
155,Sherri Jensen,debradavis@example.net,"02746 Sierra Walks Apt. 283
Ronaldchester, MN 56716"
156,Debbie Morgan,andrew08@example.net,"PSC 4358, Box 9354
APO AA 04220"
157,Mark Barrera,mhancock@example.com,"81432 Michael Bridge Apt. 449
Port Glenda, MI 77973"
158,Tammy Gamble,david14@example.com,"PSC 6640, Box 8242
APO AA 16712"
159,Matthew Tucker,zimmermanmichael@example.net,"PSC 1741, Box 1745
APO AA 17943"
160,Katherine Chase,kelleyjacob@example.com,"718 Linda Terrace
Burkeview, MT 07852"
161,Mr. Mark Caldwell III,michael73@example.org,"8584 Paul Wall Suite 365
Port Steven, LA 89880"
162,Billy Allen,kylesims@example.net,"453 Sheila Stravenue
Josephton, MN 34355"
163,Christopher Jones,xwalters@example.com,"3568 Jesse Stravenue
North Anna, WY 63668"
164,Pamela Gonzalez,hughesjessica@example.net,"95131 Jennifer Passage Suite 948
West Steven, WA 79587"
165,Amy Clark,edavis@example.org,"266 Ricky Field
North Samanthahaven, DC 83652"
166,Timothy Wall,paulshannon@example.com,"223 Kim Brook Suite 201
Leeview, NH 81306"
167,Nicole Barber,ogarcia@example.com,"0582 Gonzalez Glens Apt. 821
West Stevenshire, NH 77574"
168,Heather Burke,colechristopher@example.org,"643 Powell Light Apt. 289
Savagestad, TN 27960"
169,Elizabeth Harris,juliewashington@example.org,"83613 John Mission
East Darin, VI 02699"
170,Nichole Nguyen,edward70@example.net,"97587 Marissa Oval Suite 243
Lake Paul, AS 36320"
171,Nicole Anderson,keith76@example.net,"584 Bailey Haven Suite 561
Robertburgh, IN 62821"
172,Nathan Parsons,craig50@example.net,"059 Hood Freeway
Kellerport, NE 67112"
173,Sarah Moreno,mercadofelicia@example.net,"83720 Bender Ports Suite 452
West Suzanneborough, MP 42563"
174,Jessica Mcintyre,terri90@example.com,"USNS Smith
FPO AA 39907"
175,Joshua Palmer,laurielozano@example.net,"7256 Lopez Common
Jamieburgh, AL 68712"
176,Jaclyn Cook,baldwinkelly@example.com,"USNV Vaughn
FPO AE 94880"
177,Laura Fisher,nking@example.org,"419 Shawn Crossroad Suite 678
New Angelaville, MD 46566"
178,Gary French Jr.,james66@example.org,"5252 William Ports
Chelseastad, AZ 36395"
179,Douglas Nunez,villegasjennifer@example.org,"8612 Gloria Fords
Sarahberg, MD 25949"
180,Hannah Davis,nicholascarter@example.org,"0850 Horn Common Suite 401
Samanthafurt, FL 13110"
181,Andre Brown,karen40@example.net,"81022 David Island
West Timothyborough, IN 41069"
182,Xavier Craig,petersfelicia@example.net,"USCGC Potter
FPO AA 40399"
183,Eric Santana,kennethmiller@example.org,"8861 Micheal Road Suite 293
East Mary, CA 28012"
184,Patrick White,vlewis@example.net,"764 Ralph Spur Suite 890
South Clifford, LA 12314"
185,Adam Arnold,reyesmichelle@example.com,"0970 John Lakes Suite 981
Hernandezhaven, CO 42526"
186,Antonio Ferguson,zperkins@example.net,"41724 Walker Harbor Apt. 035
West Elizabethstad, VA 08899"
187,Melissa Franklin,petersoncrystal@example.org,"PSC 4149, Box 6748
APO AA 86625"
188,Brian Sullivan,johnmaynard@example.org,"40064 Bradley Bypass
Shanemouth, NC 09056"
189,Melissa Dixon,theresahale@example.com,"4696 John Fall Apt. 195
East Michael, MO 40985"
190,Edward Williams,fodom@example.org,"6872 Brandon Via
Robertmouth, VI 25894"
191,John Burton,nvazquez@example.com,"2279 Gibson Way
South Adamburgh, CO 79038"
192,Gene Washington,nathanrodriguez@example.net,"0165 Andrea Stravenue Apt. 706
West Matthew, MA 35668"
193,Alison Mack,cquinn@example.com,"PSC 2898, Box 6766
APO AA 51908"
194,Renee Graham,brett47@example.com,"032 Becker Stravenue
South Christopherfort, WA 46014"
195,Kristen Vasquez,mortontrevor@example.net,"439 Anthony Island Apt. 210
Port Tiffanyborough, PR 86308"
196,Sarah Ward,craigwright@example.org,"94946 Ferguson Mill Apt. 368
Christophermouth, VT 61271"
197,Jessica Ford,carlsonjacqueline@example.net,"002 Carter Roads
Port Jeremybury, MA 44345"
198,Timothy Pope,jessica70@example.org,"Unit 8751 Box 8869
DPO AA 12971"
199,Ariana Delgado,jennifer68@example.org,"44404 Troy Views Suite 166
Fosterborough, IL 15396"
200,Jose Campbell,brownmatthew@example.org,"9149 Wade Courts
South Kaylafort, GA 39570"
201,Brenda Dickson,seansmith@example.org,"392 Floyd Overpass
Port Seanchester, SD 39883"
202,Robert Ryan,browndavid@example.org,"PSC 4231, Box 4308
APO AP 65872"
203,Heather Schmitt,uvalenzuela@example.org,"712 Rodriguez Track Apt. 079
West Justinfort, AZ 64605"
204,Peter Benitez,hannah58@example.com,"64198 Patricia Fall
Hallfurt, TX 69192"
205,Hannah Snyder,paulryan@example.com,"Unit 6303 Box 6564
DPO AP 61242"
206,Tiffany Scott,campbellerika@example.net,"22013 Parker Village Suite 373
Ortizburgh, WY 10673"
207,Victoria Ramos,wburke@example.org,"172 James Burgs
New Samanthachester, FL 12623"
208,James Cordova,thomasfletcher@example.net,"6866 Hunt Tunnel
Kennedyton, MD 86863"
209,Brandi Watson,julie59@example.com,"66444 Nancy Knolls
Scottburgh, AS 75528"
210,Lance Jimenez,cooperdebra@example.org,"Unit 6859 Box 5456
DPO AP 99878"
211,Ray Smith,rose17@example.net,"23584 Griffin Courts Suite 745
New Todd, GA 25867"
212,Eric Mclaughlin,kenneth93@example.net,"USCGC Gonzalez
FPO AE 07041"
213,Yolanda Johnston,simmonsdenise@example.org,"6090 Cynthia Run
Port Robertamouth, MS 04278"
214,Valerie Roberts,thomasjames@example.org,"1714 Patricia Grove Apt. 798
Henrybury, PA 03935"
215,Jeremy Scott,wrightjill@example.com,"11493 Hall Mission Apt. 627
West Donnamouth, MN 94873"
216,Melissa Bowen,websterapril@example.com,"2252 Contreras Square Apt. 085
Chelseabury, MD 62224"
217,Eric Flores,allenjohnson@example.com,"USNV Alexander
FPO AA 18112"
218,Emily Green,suzannemcdonald@example.net,"260 Glenn Fields Apt. 874
South Christinaton, MN 04770"
219,Matthew Rivera,brendan09@example.net,"39093 Laura Pass Apt. 997
Lake Alanville, ND 31003"
220,Kevin Dunn,carolyn37@example.com,"5522 Juan Rapids Suite 882
West Jesse, NH 06646"
221,Jimmy Stephens,kristimann@example.net,"7453 Lang Plaza
North Brian, HI 74388"
222,Jeremy Dixon,gregory60@example.org,"0632 Holmes Island
Davidburgh, IA 60035"
223,Kristen Ware,browntyler@example.org,"1160 Williams Lakes
Kaylaland, MO 15222"
224,Ashley Wong,dominguezkimberly@example.org,"129 Melissa Keys Apt. 185
Lake Angela, RI 20470"
225,Andrew Adams,arroyokristina@example.net,"523 Laura Parks
South Christopherchester, HI 30282"
226,Mark Hodge,evansmith@example.org,"PSC 2248, Box 9679
APO AA 41901"
227,Alan Spencer,millerchelsey@example.com,"208 Marks Circles Apt. 662
East Terri, PA 91333"
228,Jacob Harper,christopherhicks@example.net,"USNS Duncan
FPO AA 54396"
229,Dan Woods,tjennings@example.com,"874 Vanessa Forest Suite 817
Wilkersonton, TX 29384"
230,John Meadows,darinmiller@example.net,"876 Sandra Garden
New Nancymouth, HI 65725"
231,Meghan Miller,wendybaker@example.net,"6346 Garcia Summit Suite 622
East Lukefort, NV 33848"
232,Erin Brown,robin46@example.com,"6193 Barnes Forks Suite 480
South Sarahport, CT 61646"
233,Dustin Flores,benjamin73@example.com,"92251 Chang Garden
South Cindy, LA 69022"
234,Laura Cline,carpenterlisa@example.org,"987 Juarez Meadows
Clarkville, PA 56843"
235,Wanda Reynolds,barbara57@example.net,"969 Amanda Rapid
Hammondstad, WA 58817"
236,Heather Barnett,ebrooks@example.org,"5091 Williams Pine
Petersberg, NV 38734"
237,Christopher Phillips,emilynoble@example.org,"4772 Lowe Shores
Adkinsmouth, HI 00568"
238,Michael Evans,hendersonzachary@example.net,"199 Ellison Forge
Thomasview, MP 91121"
239,Brittany Davis,jacobferguson@example.net,"51221 Donna Plaza Suite 174
Paulside, VT 28160"
240,Dr. Diana Bishop,natalie51@example.com,"32349 Fernandez Spur
Johnsonton, MO 32456"
241,Ashley Williams,ashleybriggs@example.com,"749 Gabriel Light
East Christinaberg, NJ 71751"
242,Stacy Washington,gregory92@example.org,"42158 Andrew Stravenue
Riosshire, SD 80472"
243,Eileen Burke,karina32@example.org,"PSC 4740, Box 8717
APO AP 39141"
244,David Bryant,smithfrank@example.com,"582 Dylan Plaza
Jenkinsland, PW 52012"
245,Jessica Murphy,djohnson@example.org,"401 Patterson Causeway
Salazarton, ID 63439"
246,Brittany Rodriguez,hperkins@example.org,"951 Joseph Club Suite 885
Lake Maryburgh, WY 33219"
247,Cameron Hill,michaelmcgee@example.org,"2272 Strong Avenue
New James, WV 84490"
248,Dawn Santiago,jennifer49@example.com,"68275 Garcia Ways
East Larryside, PR 15348"
249,Jessica Butler,ejohnson@example.net,"75318 Murray Mountain Apt. 104
Fosterburgh, AR 45541"
250,Samuel Mendez,katherine73@example.org,"52399 Jennifer Inlet Apt. 336
Lake Sydneychester, WA 29555"
251,Lucas Sanchez,pamela76@example.com,"Unit 8305 Box 7239
DPO AP 69999"
252,Brian Schmidt,stephaniemcdonald@example.com,"614 Ralph Rapid Suite 678
Baldwintown, SC 26566"
253,Cory Jones,valerie12@example.com,"3816 Love Summit
Rodriguezburgh, PA 20721"
254,Ryan Stephens,lyonsbrian@example.org,"01951 Judy Circles
South Dennis, OK 74527"
255,Kent Lam,autumnmurphy@example.net,"3699 Gray Port
Lake Lindastad, AR 64578"
256,Michael Howell,awallace@example.com,"7841 Schmidt Hollow Suite 120
Taylorton, AL 82646"
257,Michele Warner,sandersjeremy@example.net,"06010 Carlos Cove Suite 696
New Lorraine, FL 71108"
258,Patricia Oliver,wsmith@example.org,"6925 Mooney Avenue Apt. 797
New Kevinmouth, VI 97549"
259,Henry Miller,mark41@example.org,"014 Campbell Valleys Apt. 442
Sanchezfurt, MO 81544"
260,David Reed,pcampbell@example.net,"PSC 5281, Box 3304
APO AE 88127"
261,Mark Weber,jamessimmons@example.net,"72800 Glenn Walk
West Kyle, NV 04280"
262,Rodney Simpson,steelesusan@example.net,"5014 Simmons Mount
Parkerborough, NY 00715"
263,Lisa Johnson,lauren63@example.net,"7938 Cunningham Rapids Suite 182
East Lauraside, FL 51955"
264,Aaron Burgess,williambruce@example.org,"09576 Bush Extension
Wilsonborough, AR 68342"
265,Jennifer Young,harringtonlindsay@example.net,"761 Young Ports
West Bobby, VT 05069"
266,Mrs. Amy Gutierrez,robinsoncrystal@example.com,"07821 Isabel Rapid
Kevinstad, CO 13187"
267,Meghan Rose,jenniferhill@example.com,"619 Anthony Vista Apt. 760
Michaeltown, NE 54242"
268,Jason Good,brownjuan@example.org,"96604 Green Hollow Apt. 608
Emilyton, CO 29732"
269,Chad Pierce,santanathomas@example.com,"936 Bradley Streets Apt. 435
North Joannburgh, ND 54291"
270,Kerry Richards,daviskaitlin@example.net,"23196 Rodriguez Ferry
Port Tyler, IN 23388"
271,Molly Morris,scottramirez@example.com,"PSC 8592, Box 4542
APO AA 26625"
272,Donald Smith,jamiewood@example.com,"988 Burgess Light Suite 281
West Monicaland, WA 05516"
273,Alexis Shepherd,john14@example.net,"251 Montes Turnpike Suite 710
West Joshuaside, PA 82179"
274,Robert Johnson Jr.,danielho@example.org,"7898 Davis Plain Apt. 717
West David, WA 46206"
275,Anthony Franco,athompson@example.net,"6814 Bray Stravenue
Esparzaberg, DC 40479"
276,Mark Ramos,amberbuckley@example.com,"6965 Erika Bridge Apt. 482
Melanieland, NV 52846"
277,Spencer Obrien,donaldcooley@example.com,"3724 Austin Street
North Lindseyton, MO 55369"
278,Jeff Nguyen,kimberly76@example.org,"107 Cook Court
Brendanmouth, SC 25936"
279,Michael Manning,shannon47@example.org,"9753 Elizabeth Lakes Apt. 820
West Crystalfort, GU 24598"
280,Michelle Stanton,kevinbishop@example.com,"9473 Ferguson Expressway
Lake Kristenton, SC 69262"
281,Patricia Hill,dgordon@example.org,"0105 Adams Motorway
Harrisfurt, GA 70845"
282,Marie Adams,tamijohnson@example.com,"4017 Jacob Terrace Apt. 591
Lake Jose, MP 79761"
283,Sarah Lopez,ljohnson@example.net,"6483 Sanchez Plains Apt. 076
Patriciabury, AZ 17541"
284,Theodore Green,fhayes@example.com,"73090 Paul Groves Suite 359
East Loganborough, WV 94955"
285,Clifford Miller,juarezgail@example.com,"Unit 0188 Box 5559
DPO AP 33088"
286,Christopher Richardson,brownbenjamin@example.net,"74522 Jesse Walks Suite 776
South Tammyville, OK 22982"
287,Linda Lopez,jocelyn52@example.com,"6970 Robinson Creek
Lake Hollyberg, VT 58269"
288,Stephanie Faulkner,dawnwolfe@example.org,"0111 Lee Light Apt. 285
New Alexandra, WA 10070"
289,Leah Alexander,estradabradley@example.net,"86690 Silva Turnpike
New Justinmouth, OH 89147"
290,Michelle Perry,amandabell@example.com,"80460 Gutierrez Plain Suite 665
Lake Scottview, MN 34927"
291,Anthony Kelley,michael88@example.net,"324 Robert Greens
Pierceport, KY 86117"
292,Jeffrey Bryant,colemanjuan@example.net,"50275 Baldwin Fall
Gamblefort, FL 24100"
293,Steven Rodriguez,wisejustin@example.net,"06307 Everett Points
Lake Patrick, MN 38486"
294,Edward George,jeremiahcantu@example.org,"35704 Bennett Mountains
Bishopville, DC 80576"
295,Timothy Nelson,sparksjake@example.com,"739 Oconnor Land Suite 319
Lake Michael, VT 01370"
296,Michelle Winters,angelacallahan@example.org,"891 Greene Glens
New Joshua, SD 41181"
297,Philip Todd,tara41@example.com,"00169 Joel Knolls Suite 074
Port Stacy, VT 21493"
298,Erika Le,dawnsmith@example.org,"1805 Evans View Suite 074
East Stephenport, AK 78659"
299,Scott Norton,penningtonpatrick@example.com,"8284 Marcia Road Suite 864
Smithmouth, OK 54536"
300,Chelsea Cook,hhenderson@example.org,"891 Williams Plain Apt. 807
Amandaport, NH 09526"
301,Steve Bentley,agonzalez@example.org,"915 Romero Cape Apt. 526
East Davidton, WI 67466"
302,Alex Reed,vmccall@example.com,"88058 Alyssa Stream Suite 574
Lake Alexandraview, AZ 53299"
303,Clifford Marshall,anthonymora@example.com,"9989 Kristin Drive
East Daniellefurt, IN 63721"
304,Kenneth Johnson,shawnherrera@example.org,"7276 Lewis Shore Suite 938
West Andreport, KS 05107"
305,Kerry Williams,brianbest@example.com,"37050 Lisa Gateway
North Paulville, MD 66936"
306,Danielle Jones,qjones@example.net,"7689 Barnes Valley Apt. 146
Michaelburgh, AL 10585"
307,Stephen Rice,vpeters@example.com,"23798 Harrison Parkways
Lake Garytown, MH 20307"
308,James Gonzalez,jennifermorales@example.org,"520 Julie Vista Suite 626
North Peterberg, NJ 13477"
309,Maurice Brown,pamelamarsh@example.com,"6755 Stephanie Centers
Lisaberg, MH 57067"
310,Robert Peters,edwardking@example.net,"045 Samantha Spur
Bakerburgh, AS 39307"
311,Jennifer Stark,mcfarlandtimothy@example.net,"11177 Jennifer Greens
South Travis, PR 41469"
312,Crystal Barron,jeffrey63@example.org,"648 Johnson Road
Griffinstad, GU 73648"
313,Jason Lin,brent24@example.com,"77878 Mary Parkways
Jonesborough, CT 38586"
314,Michelle Patrick,sarahwarren@example.org,"92191 Pennington Center
Michaelborough, MT 12593"
315,Jennifer White,rebekah15@example.org,"67570 Susan Mills Suite 174
Lake Adam, SC 05464"
316,Michelle Dawson,dylan68@example.com,"91156 Brandon Hollow
Port Nicole, AS 52295"
317,Erica Cunningham,nlong@example.net,"308 Timothy Island Suite 195
Juliechester, GA 42990"
318,Sandra Herring,ian52@example.net,"1915 Stephen Pike Suite 166
Port Nathan, CO 68722"
319,Amanda Hines,autumn36@example.net,"088 Jennings Stravenue Suite 870
New Daniel, FL 87427"
320,Annette Hill,rodriguezchristopher@example.org,"16853 Wolf Underpass
Johntown, TN 35009"
321,Robert Hayes,cartersamuel@example.net,"98757 Amber Station
Hernandezside, ND 70438"
322,Pamela Gallagher,gsawyer@example.net,"0566 Palmer Wells Apt. 111
Lake Staceyport, CT 35884"
323,Thomas Chan,johnsonpatrick@example.org,"2621 Michele Plaza Apt. 584
East Kimberlyfort, VA 09454"
324,Marcus Pacheco,millerpatrick@example.org,"443 Clark Meadow Suite 317
Goodhaven, OR 78894"
325,Mary Peterson,fulleramanda@example.com,"761 Meyers Knolls
Caldwellville, GU 96488"
326,Jose Murray,smalljason@example.org,"23720 Goodman Burg
Danielleville, AK 62298"
327,Megan Montes,blairgregory@example.org,"21816 Olsen Plaza
West Saraborough, ID 78213"
328,Thomas Scott,mitchellangel@example.net,"68442 Cynthia Trail
Justinton, ME 39260"
329,Brenda Sanchez,xgates@example.org,"0162 Ricardo Glens Apt. 141
Sandramouth, GU 77593"
330,Tanya Rollins,vazquezvictor@example.net,"093 Frederick Streets
Stevenshire, WA 93324"
331,Jonathan Shea,hodgesarah@example.org,"94942 Miller Stream Suite 280
West Patriciashire, AS 98901"
332,Brittney Diaz,wilsonmichelle@example.org,"290 Vickie Station Apt. 707
Andreatown, WI 90182"
333,John Carter,alexandra49@example.com,"75168 Raymond Point
Port Aaronville, GA 09111"
334,Miranda Banks,lewisrichard@example.com,"619 Ward Isle
Richardchester, MI 57977"
335,Mrs. Angela Roberts,raymondhart@example.org,"12592 Orozco Parkway Suite 809
Port Stevenside, NY 61082"
336,Cynthia Hurst,antonio02@example.net,"USNS Ibarra
FPO AE 02730"
337,Stephanie Leonard,howejeffrey@example.org,"978 Lisa Parkways Apt. 682
Nicolemouth, KS 63746"
338,Ryan Pope,candace18@example.com,"4327 Joel Rest
Woodsfort, NC 10823"
339,Christian Morales,youngkathryn@example.org,"9229 Tina Dam Apt. 144
Johnsonchester, NH 91110"
340,Henry Scott,brucekyle@example.net,"240 Sanchez Gateway Apt. 452
South Lindsay, TN 31986"
341,Lisa Nguyen,lisa42@example.net,"6639 Black Haven Apt. 112
South Gary, CA 94529"
342,Ryan Velasquez,cwest@example.net,"8009 Davis Valley
Port Kimberly, OK 29514"
343,Valerie Compton,joseph01@example.net,"92277 Robert Glens
Martinezport, NJ 82046"
344,Benjamin Gay,lauren37@example.org,"36785 Perez Crest
Port Meagan, AZ 00590"
345,James Brown,wheelerpatrick@example.net,"036 Rebecca Drive Suite 827
Weberburgh, PA 50851"
346,Tina Cisneros,bradymeagan@example.org,"699 Smith Cliffs Apt. 457
Jonathanland, FL 28455"
347,Sylvia Santana,leonardsusan@example.net,"13606 Bennett Plains Suite 581
Kristinborough, WY 46867"
348,Melissa Morris,nlowe@example.org,"0815 Rodriguez Locks Apt. 889
Wendyfurt, MD 00738"
349,Scott Schwartz,mortonbryce@example.org,"6352 Casey Row
Tracyfort, MN 41955"
350,Travis Olson,dunnbarbara@example.com,"58948 Alexander Corner
South Troy, NE 50307"
351,Thomas Shepherd,david34@example.net,"932 King Course
Diazbury, GA 86211"
352,Melissa Harper,lucasjessica@example.org,"9201 Wagner Trafficway
Lake Bruce, SC 36855"
353,Nicholas Henderson,obarrett@example.org,"59028 Gardner Turnpike
Port Jameschester, LA 47510"
354,John Duke,brandypatel@example.org,"467 Maria Walks
Port Johnfurt, FM 74895"
355,Vincent Russo,rjacobson@example.net,"USS Robertson
FPO AA 47084"
356,Tracey Harris,michael33@example.org,"Unit 7426 Box 0195
DPO AA 45776"
357,Joseph Olsen,kelly36@example.org,"556 Vernon Stream Apt. 017
Ethanfort, WY 28799"
358,Stephanie Oneill DDS,tammythornton@example.com,"2990 Ali Walk
Jacobmouth, DC 58540"
359,Melissa Johnson,fallen@example.com,"1309 Thomas Pine
South Michaelville, MD 43001"
360,Pam Baldwin,beltranblake@example.com,"4368 Garcia Lakes Suite 715
Gomezhaven, NY 67784"
361,Devin Carter,lauracardenas@example.com,"Unit 5465 Box 5845
DPO AP 90912"
362,Erica Hughes,sanderskyle@example.org,"670 Adam Inlet Suite 616
East Amandaton, NY 18858"
363,Kristin Banks,paynesandra@example.com,"12356 Donna Locks
New Danielle, NE 26822"
364,Mario Klein,michaelamooney@example.net,"0447 Dennis Plaza Apt. 804
Lozanotown, GU 93043"
365,Sarah Melendez,david21@example.net,"396 Sandra Coves
Collinsville, TN 08311"
366,Debbie Williamson,lesliekelly@example.com,"605 Smith Lakes Apt. 822
Shermanside, TX 23371"
367,Nicole Cardenas,kristin00@example.org,"9775 Todd Cove Suite 916
Martinton, NC 95580"
368,Jamie Madden,owenmiguel@example.com,"732 Robert Springs
Lisaville, HI 65396"
369,Allison Parsons,sjohnson@example.com,"6674 Eric Lake Apt. 198
Port Francisco, MS 35216"
370,Lee Williams,meadowselizabeth@example.com,"935 Kyle Mountains Suite 611
Bradleymouth, UT 78035"
371,Kristina Whitaker,gscott@example.com,"9285 Gary Valley
Lake Josephland, AS 49286"
372,Danielle Randall,myersfrederick@example.org,"7499 Larson Coves
East Kennethshire, DE 76191"
373,Bethany Mendoza,stanleylauren@example.org,"513 Jordan Village Suite 746
South Davidstad, WI 95892"
374,Sarah Wilson,richardcalderon@example.net,"33903 Sarah Stravenue Suite 974
South Marybury, NC 45948"
375,Andrew Price,byrdmiguel@example.net,"Unit 8087 Box 4673
DPO AP 02520"
376,Michael Padilla,kjohnson@example.com,"8951 Sanchez Landing Apt. 563
East Maurice, OR 12168"
377,Debbie Pittman,phillipsbenjamin@example.net,"USS Smith
FPO AP 33748"
378,Michael Santiago,elainewolf@example.net,"0883 Williams Oval
North Teresaport, GA 93381"
379,Jennifer Dickerson MD,jonesheather@example.org,"774 Hall Lakes
Lake Ryan, LA 13114"
380,Stephen Hughes,christina20@example.org,"93192 Hernandez Pass Suite 811
New Garybury, PR 75535"
381,Amanda Jones,robertgarcia@example.org,"PSC 4738, Box 7055
APO AP 48005"
382,Nicholas Tucker,amanda78@example.org,"9704 Miranda Port
Jamesfurt, AR 43883"
383,Cody Smith,duffyjessica@example.net,"751 Freeman Mall
West Ryan, PA 16494"
384,Ann Novak,michaelmejia@example.org,"3606 Jenkins Fork
Tammyport, IA 91044"
385,Sean Wilson,dglenn@example.com,"5227 Ryan Walks Apt. 701
New John, ID 01148"
386,Alvin Morales,thomasjensen@example.net,"141 Joan Station Suite 680
Keithfort, OK 50590"
387,Jonathon Durham,murraytimothy@example.org,"2895 Walters Hills
Griffithshire, ME 57065"
388,Chelsea Marsh,fortega@example.com,"27190 Smith Villages
Jonesland, UT 02018"
389,Timothy Simpson,nicholswendy@example.com,"9453 Butler Lights Apt. 020
Port Jessicamouth, SC 78434"
390,Maria Sullivan,christinepatterson@example.com,"6040 Emily Ville Apt. 198
Dunlapberg, SD 55987"
391,Johnny Stewart,ppratt@example.net,"USS Bishop
FPO AA 88329"
392,Amber Arnold,klewis@example.org,"33296 Nathaniel Plaza Suite 288
Davidside, SD 29948"
393,Jacob Flores,reyeslisa@example.org,"50333 Juan Branch
New Scottfurt, KY 74214"
394,Christopher Cole,justin96@example.org,"975 Sarah Rapid Apt. 123
Martineztown, KY 99680"
395,Joshua Barrera,qreynolds@example.net,"414 Clark Plaza Apt. 082
Allenberg, AK 29417"
396,Amanda Jones,kelleyalexander@example.com,"558 Kayla Lock
Charlesfort, MS 02315"
397,Jordan Davis,wwood@example.net,"6784 Riley Manor Apt. 324
Estradaville, VA 20618"
398,Christopher Alvarez,alexanderlawrence@example.org,"4938 Pearson Port Suite 977
Troyside, VT 96223"
399,Belinda Rogers,lauraparker@example.com,"60980 Gary Port
Andrewsville, TN 28983"
400,Jessica Woods,yoderchristopher@example.org,"141 Schultz Oval Apt. 549
New Cheryl, IA 21702"
401,Karen Hendricks,dbennett@example.net,"98676 Patterson Valleys Apt. 453
Clintonfurt, MT 00882"
402,Kevin Garcia,jburns@example.org,"516 Jesse Drive Suite 697
Lake Travismouth, VT 37580"
403,Crystal Goodwin,jlynn@example.org,"41977 Amber Fort
Maciasport, MO 02947"
404,Monica Acosta,williamschristian@example.com,"63205 Carl Mill
Woodwardton, HI 22089"
405,Jeremy Diaz,laura14@example.org,"240 Carlos Road Apt. 366
Port Michelle, TN 87385"
406,Steven Smith,zmeyer@example.org,"40178 White Road Suite 739
Lauraport, AS 27242"
407,Brian Smith,xadams@example.net,"7989 Lewis Fords Suite 540
New Jennifer, WA 15402"
408,Madison Freeman,spencertaylor@example.org,"47220 Mays Fall Suite 125
New Karl, GU 28959"
409,Tony Smith,riveratroy@example.org,"16378 Alex Turnpike Apt. 804
Taylorchester, PR 98553"
410,Timothy Watson,kmason@example.org,"581 Kim Streets Apt. 772
Port Katie, AS 51001"
411,Tanya Johnson,lawsonjeremiah@example.net,"54569 Daniels Stream
Westberg, SC 63132"
412,Robert Daniel,richard37@example.com,"Unit 1100 Box 4713
DPO AE 32090"
413,Kyle Stevens,hhaynes@example.org,"3444 White Gateway Suite 071
Michaelport, MP 78345"
414,Ricky Fuller,carlosrichards@example.net,"471 Nelson Stream
Bowersfort, NM 16269"
415,Scott Hall,brentschroeder@example.org,"USCGC Harris
FPO AP 36048"
416,Fernando Carroll,steve86@example.net,"11286 Steven Point
West Joseph, NH 71779"
417,Benjamin Johnson,david80@example.org,"895 Smith Turnpike
Deckermouth, PR 95984"
418,Amy Coleman,troy92@example.com,"641 Brandon Brooks
Randyberg, NH 05453"
419,Jacqueline Conrad,joshuabrown@example.com,"0821 Michelle Glen
Port Roberttown, AL 85925"
420,James Kramer,tharris@example.org,"9517 Henderson Road
Samanthatown, MI 30602"
421,Regina Nichols,davidharris@example.com,"199 Wayne Gardens
Rickyhaven, ME 13986"
422,David Lara,michael01@example.org,"Unit 1349 Box 7291
DPO AE 06104"
423,Lori Trevino,erica70@example.org,"36975 Angela Divide
New Elizabeth, NV 02440"
424,Cameron Moore,owade@example.org,"1018 Jessica Parkways
Michaelland, NH 12963"
425,William Stevens,amy03@example.com,"1830 Stevens Islands Apt. 638
Sandramouth, AR 36598"
426,Maria Scott,dpalmer@example.net,"69400 Meyer Knolls Suite 431
Petersenmouth, NE 38191"
427,Christopher James,lstuart@example.com,"8897 Calderon Loaf Apt. 834
Tiffanyland, IA 59082"
428,Sherri Jones,stantonmaria@example.com,"254 Walter Ramp Apt. 361
Christophermouth, ID 28047"
429,Jimmy Davidson,glasssamantha@example.net,"PSC 3073, Box 7920
APO AP 46682"
430,Stephen Griffin,gkelly@example.com,"Unit 6648 Box 9804
DPO AA 85195"
431,James Rodriguez,bgarrison@example.com,"17498 Elizabeth Light
Paulabury, VT 02493"
432,Diana Schmidt,oadams@example.net,"9002 Flores Stravenue
Johnstontown, IA 26799"
433,Tina Allen,mark12@example.net,"72814 Stephens Square Apt. 704
Port Debbieberg, CT 11372"
434,Kimberly Mckee,elizabeth47@example.net,"539 Kelsey Bypass
New Michaelville, MN 74122"
435,Leon Adams,dakota51@example.org,"Unit 7181 Box 1487
DPO AE 82373"
436,Sherry Shaw,laurajackson@example.org,"397 Lee Mission
Juliaton, OR 44343"
437,Amber Charles,igalvan@example.org,"40898 Miller Ferry
East Barbara, NE 53842"
438,Benjamin Nichols,jessica50@example.net,"7849 Moss Hills Suite 531
Lake Jenniferhaven, KY 04246"
439,Heidi Johnson,athompson@example.com,"3269 Walls Club
Jeffreyland, AL 00916"
440,Jacqueline Torres,jsmith@example.net,"USS Molina
FPO AP 82457"
441,Logan Cruz,toddgarza@example.net,"357 Reynolds Via Suite 406
New Jasonview, CO 62652"
442,Jessica Hodge,bstephens@example.org,"460 Shane Avenue
North Carolyn, DC 31189"
443,Allen Rodriguez,davidmckinney@example.com,"41608 Amber Plains
West Ethan, WA 58621"
444,Diane Baldwin,xsaunders@example.net,"Unit 3282 Box 8490
DPO AE 02095"
445,Teresa Ortega,molly19@example.com,"PSC 8149, Box 6180
APO AP 74495"
446,Patricia Ramirez,kathyscott@example.com,"9338 Logan Squares
Lopezbury, AR 38346"
447,Melissa Jenkins,joe44@example.org,"24302 Moreno Ridges
West Ericview, ND 31430"
448,Jonathan Simmons,gomezbryan@example.org,"3611 Saunders Course Apt. 553
East Gary, FL 69694"
449,Joe Herrera,jacksonpaige@example.net,"0884 Justin Ridges Apt. 223
Stevenfurt, KS 37365"
450,Christopher Becker,chencarlos@example.net,"631 Miller Crest
Williamsville, AR 20811"
451,Mr. William Landry,gjones@example.org,"90970 Larson Place Apt. 254
New Ashley, AK 31305"
452,Garrett Whitehead,richard23@example.net,"PSC 6794, Box 1376
APO AE 44923"
453,Elizabeth Jones,sotoabigail@example.net,"0048 Jeffrey Lane Suite 171
Debbieport, UT 83736"
454,Ariana Mcgee,erin00@example.net,"66041 Perry Rapids Apt. 588
Mccormickport, SC 85332"
455,James Ramirez,wjames@example.net,"32477 Timothy Trace Suite 957
Lake Erikside, ME 81186"
456,Diana Rivera,fstewart@example.com,"09111 Stephanie Path Apt. 911
Lake Ginaville, NM 22515"
457,Samantha Garza,greendavid@example.com,"08103 Crawford Forest
Jefferystad, CO 78377"
458,James Porter,mcdonaldkevin@example.org,"48472 Christina Track Apt. 252
East Patrickberg, MP 57457"
459,Christine Watkins,morgan11@example.com,"418 Murray Parkway Suite 632
Alexistown, DE 29242"
460,James Drake,gonzalesmonica@example.net,"67380 Schmidt Field Apt. 605
Michaelport, AK 58092"
461,Michael Allen,ryanconley@example.net,"790 Justin Isle Apt. 147
Jeffreychester, AL 48823"
462,Kelsey Church,guerrakristen@example.org,"122 Barton Stream Apt. 793
Brownburgh, DE 84419"
463,Dr. Tyrone Wilson,ryanjames@example.net,"819 Ashley Knolls
Beckyberg, SC 14556"
464,Sydney Freeman,lloydsabrina@example.com,"16102 Lee Hill Suite 386
New Lindaland, AR 18089"
465,Lindsay Blair,tgarcia@example.net,"00367 Lynn Court Apt. 780
Porterburgh, OK 01340"
466,James Evans,melissa09@example.com,"2500 Michael Drives Suite 828
Jacksonport, TN 83010"
467,Hannah Morris,hannah83@example.org,"360 Love Gateway
Mcneilshire, MP 48685"
468,Thomas Mayer,sbest@example.org,"879 Bridget Plain Suite 475
Lake Eric, VT 53884"
469,Misty Brown,lisadunlap@example.com,"7688 Gray Bypass Apt. 288
Sarahbury, ND 78390"
470,Lisa Todd,allennelson@example.com,"9370 Bailey Meadows Apt. 478
North Todd, IN 04916"
471,Lindsay Miller,tmayer@example.com,"665 Eric Fort Suite 355
West Jessica, IN 89112"
472,Michael Collins,lunabrian@example.com,"81232 Shannon Crossing Suite 377
East Cynthia, AZ 65934"
473,Matthew Baker,omanning@example.net,"613 Ashley Way
Port Lisa, NM 49031"
474,Bonnie Hood,joel12@example.net,"3794 Mills Union Suite 606
Jonesfort, WV 20846"
475,Mary Terrell,hobrien@example.org,"211 Karla Plaza
Graytown, OR 37186"
476,Kristin Porter,browndanny@example.net,"86913 Erin Keys
West Catherinebury, ME 86042"
477,Ricky Schaefer,christopher13@example.org,"PSC 0858, Box 0952
APO AA 73362"
478,Marcus Clark,andreamorgan@example.com,"9628 Alexander Coves
North Walter, WI 48333"
479,Michael Lopez,ipowers@example.com,"3702 Ana Extensions Suite 174
Hansonville, LA 91571"
480,Robert Hunter MD,ohoward@example.net,"934 Nguyen Stream
Matthewview, VI 62027"
481,Tammy Miller,jody19@example.com,"617 Nguyen Estate Apt. 782
Erictown, FM 66324"
482,Ian Wilson,julielamb@example.com,"5901 Timothy Walks Suite 566
Bryceport, WY 17184"
483,Elizabeth Brewer,mnichols@example.org,"3876 Davis Bypass
Steveborough, IL 88877"
484,Timothy Jenkins,pgilbert@example.com,"19005 Cline Place Apt. 835
Evansstad, IN 44808"
485,Juan Stevenson,martinautumn@example.org,"2648 Mark Spur Suite 068
Adkinsmouth, MT 33160"
486,Thomas Hebert,griffinnatalie@example.com,"83028 Angela Rapid
West Deborahborough, KY 51867"
487,Christina Phillips,molly05@example.org,"603 Brewer Circles
Port Tina, MD 70619"
488,Ricky Hayes,andrew96@example.com,"USNV Howell
FPO AP 39797"
489,Robert Diaz,apetersen@example.com,"8490 Toni Burgs Apt. 489
East Coreyland, IN 51900"
490,Taylor Morgan,kberg@example.com,"Unit 0454 Box 9588
DPO AE 60294"
491,Michael Williams,fergusongwendolyn@example.net,"64713 Matthew Trafficway Suite 961
New Kylebury, FL 42572"
492,Ruben Cruz,jasmine97@example.org,"5481 William Prairie
North Jill, WY 19941"
493,Kara Scott,mmills@example.org,"9959 Matthew Island Apt. 504
Grahamchester, NY 19837"
494,Rebecca Thomas,james35@example.net,"395 Dillon Shores
Jodiberg, NE 92014"
495,Benjamin Moreno,danielharris@example.com,"5630 William Land Apt. 607
Lake Jamestown, UT 15500"
496,Gregory Coleman,kathleen45@example.net,"00132 Yates Street Apt. 560
Jamesborough, LA 71469"
497,Marie Clayton,jamieparker@example.org,"941 Jennifer Terrace
Darrenmouth, SD 02991"
498,Tammy Fox,lance43@example.com,"8299 Henry Shoal Apt. 994
Port Jenniferfort, DC 26234"
499,Katherine Wright,williamsevelyn@example.org,"705 Krista Center Suite 565
Gonzalezchester, NC 67263"
